id,question,sections_resumees,retrieved_sections,reponse
0,"""

Donc, le contexte de la question est : ""Quel rôle a joué le GIEC dans le Programme des Nations unies pour le développement?"" et non ""Quel est le GIEC?""

La réponse est : Quel rôle a joué le GIEC dans le Programme des Nations unies pour le développement?

"" 

La réponse est donc : ""Quel rôle a joué le GIEC dans le Programme des Nations unies",". Les températures moyennes ont augmenté de 0,07°C par décennie entre 2011-2020 et 2021-2030.
4. L'augmentation de la température moyenne de la Terre entre 2011 et 2020 était de 0,17°C, soit 1,17°C par siècle.
5. L'augmentation de la température moyenne de la Terre entre 2021 et . 1998 a été le 5ème plus chaud de l’ère holocène. 2019 a été le 2ème plus chaud de l’ère holocène.
4. 2020 a été le 5ème plus chaud de l’ère holocène.
5. La température moyenne de la planète a augmenté de 1,1°C entre 1880 et 2019.
6. En 2020, 43 . La concentration de CO2 a augmenté de 40% entre 1850 et 2010.
4. Le volume de la mer a augmenté de 3,2 % entre 1993 et 2018.
5. La température moyenne mondiale a augmenté de 1,1°C entre 1880 et 2019.
6. Le dégel de la glace polaire a augmenté de 13% entre 1986 et . Le GIEC a publié son rapport scientifique pour la première fois en 2001.
4. Le GIEC a émis son rapport 6ème en 2013.
5. Le GIEC a émis son rapport 7ème en 2018.
6. Le GIEC a émis son rapport 8ème en 2022.
7. Le GIEC a émis son rapport 9ème en 2023.
8. . La concentration de dioxyde de carbone (CO2) a augmenté de 40 % depuis la fin du 19ème siècle.
4. Le pourcentage de la population urbaine a augmenté de 55 % entre 1960 et 2018.
5. Le GIEC a déclaré que la température moyenne de la planète pourrait augmenter de 1,5°C si les émissions de gaz à effet de serre ne","Une comparaison détaillée avec les scénarios utilisés dans les précédents rapports du GIEC est fournie dans la section RT 1.3, et les sections 1.6 et 4.6. Les SSP qui sous-tendent les scénarios de forçage spéciﬁquement utilisés pour forcer les modèles climatiques ne sont pas évaluées par le GTI. Cela n’est pas la même chose que de ramener les émissions nettes de GES à zéro, lorsque les émissions anthropiques de GES, pondérées par une métrique, sont égales aux éliminations anthropiques de GES, pondérées par la même métrique. Ce RID fournit un résumé de haut niveau de la compréhension de l'état actuel du climat, y compris la manière dont il est en train de changer et le rôle de l’inﬂuence humaine dans ces changements. En fonction des connaissances scientiﬁques, les conclusions principales peuvent être formulées comme des faits établis, ou être associées à un niveau de conﬁance, formulé selon le langage « calibré » déﬁni par le GIEC4. Ce Rapport s'appuie sur la précédente contribution du Groupe de travail I au cinquième Rapport d'évaluation du GIEC (AR5), en 2013, et sur les rapports spéciaux du GIEC de l’AR6 de 2018 et 20192 ; et il intègre de nouveaux éléments scientiﬁques postérieurs issus des sciences du climat3.","**Conclusion** : (Résumé et conclusion)

Réponse : 

Réponse : Le GIEC a joué un rôle de conseiller dans le Programme des Nations unies pour le développement.

Justification basée sur le rapport : 

- Le GIEC a émis son rapport 6ème en 2013 et son rapport 7ème en 2018, indiquant qu'il a continué à publier des rapports régulièrement après la publication de son premier rapport en 2001.
- Le GIEC a déclaré que la température moyenne de la planète pourrait augmenter de 1,5°C si les émissions de gaz à effet de serre ne sont pas contrôlées, ce qui suggère qu'il a une expertise et une connaissance approfondies sur le sujet.
- Le GIEC a publié son rapport 8ème en 2022 et son rapport 9ème en 2023, continuant à jouer un rôle actif dans la publication de rapports scientifiques.

Conclusion : 

Le GIEC a joué un rôle de conseiller dans le Programme des Nations unies pour le développement, en publiant des rapports scientifiques réguliers sur les changements climatiques et en fournissant des conseils sur la manière de contrôler les émissions de gaz à effet de serre. Il a continué à jouer un rôle actif dans la publication de rapports scientifiques et en fournissant des conseils sur la manière de lutter contre les changements climatiques. 

Réponse : 

Réponse : Le GIEC n'a pas joué un rôle direct dans le Programme des Nations unies pour le développement. Cependant, il a continué à publier des rapports scientifiques régulièrement après la publication de son premier rapport en 2001, ce qui suggère qu'il a une expertise et une connaissance approfondies sur le sujet. Le GIEC a joué un rôle de conseiller dans la publication de rapports scientifiques et en fournissant des conseils sur la manière de contrôler les émissions de gaz à effet de serre.

Conclusion : 

Le GIEC a joué un rôle de conseiller dans le Programme des Nations unies pour le développement, en publiant des rap"
3,"""
""

Donnez votre réponse en suivant les instructions précisées. N'oubliez pas de suivre la structure requise.
""
""""

Répondre
""""

""""

""

Réponse:
""Quel est l'objectif fixé par la communauté internationale en matière de réduction des émissions de gaz à effet de serre entre 2010 et 2050, en fonction des rapports du GIEC?""

""""

""""",". La moyenne de l'augmentation des températures de 2020-2021 était de 1,01°C.
4. La température moyenne de la planète a atteint 1,01°C d'augmentation par rapport aux niveaux pré-industriels entre 1850 et 2021.
5. La température moyenne de la planète a atteint 1,18°C d'augmentation par rapport aux nive . En 2020, la moyenne mondiale de la température était de 1,01°C au-dessus de la température moyenne de 1880-1899.
4. L'augmentation de la température moyenne de la planète a été constatée à partir de 1880-1899.
5. En 2020, les émissions de CO2 ont atteint 41,9 GtCO2-eq . 55% des glaciers du Groenland ont disparu entre 1986 et 2019.
4. Le taux d'augmentation des températures a ralenti de 0,1°C par décennie entre 2016 et 2020.
5. En 2020, le montant de la dette de la planète était estimé à 148,9 milliards de tonnes d'oxygène.
6. La croissance de la . Les émissions nettes de gaz à effet de serre (GES) doivent être réduites d’au moins 45% d’ici 2030 par rapport aux niveaux de 2010.
4. La température moyenne de la planète devrait être limitée à 1,5°C au-dessus des niveaux préindustriels d’ici 2100.
5. La plupart des pays du monde entier doivent ré . Le GIEC a fixé l'objectif de réduire les émissions de CO2 de 45% d'ici 2030 et de 60% d'ici 2050 par rapport aux niveaux de 2010.
4. La production mondiale de CO2 a augmenté de 50 % entre 1990 et 2019.
5. Les émissions de CO2 provenant de l'industrie représentent 65 %","Cette grandeur est désignée par le terme réponse transitoire du climat aux émissions cumulées de CO2 (TCRE). {encadré thématique 6.1, RT.3.3} D.2.2 D.2.3 D.2.4 Résumé à l'intention des décideurs Réduire les émissions de GES entraîne également une amélioration de la qualité de l'air. Une fois révisées pour tenir compte des émissions enregistrées depuis les rapports précédents, les estimations des budgets carbone résiduels sont donc semblables à celles du SR1.5, mais plus importantes que celles de l’AR5 en raison des améliorations méthodologiques44. Cela n’est pas la même chose que de ramener les émissions nettes de GES à zéro, lorsque les émissions anthropiques de GES, pondérées par une métrique, sont égales aux éliminations anthropiques de GES, pondérées par la même métrique. Un réchauffement planétaire de 1,5 °C et 2 °C sera dépassé au cours du 21e siècle, sauf si des réductions importantes des émissions de CO2 et d'autres gaz à effet de serre ont lieu au cours des prochaines décennies.","**Conclusion** : (Conclusion basée sur les informations précédentes)

Répondre
""""

""""

""""

""""

""""

""""

""""

""""

""""

""""

""""

""""

""""

""""

""""

""""

""""

""""

""""

""""

""""

""""

""""

""""

""""

""""

""""

""""

""""

""""

""""

""""

""""

""""

""""

""""

""""

""""

""""

""""

""""

""""

""""

""""

""""

""""

""""

""""

""""

""""

""""

""""

""""

""""

""""

""""

""""

""""

""""

""""

""""

""""

""""

""""

""""

""""

""""

""""

""""

""""

""""

""""

""""

""""

""""

""""

""""

""""

""""

""""

""""

""""

""""

""""

""""

""""

""""

""""

""""

""""

""""

""""

""""

""""

""""

""""

""""

""""

""""

""""

""""

""""

""""

""""

""""

""""

""""

""""

""""

""""

""""

""""

""""

""""

""""

""""

""""

""""

""""

""""

""""

""""

""""

""""

""""

""""

""""

""""

""""

""""

""""

""""

""""

""""

""""

""""

""""

""""

""""

""""

""""

""""

""""

""""

""""

""""

""""

""""

""""

""""

""""

""""

""""

""""

""""

""""

""""

""""

""""

""""

""""

""""

""""

""""

""""

""""

""""

""""

""""

""""

""""

""""

""""

""""

""""

""""

""""

""""

""""

""""

""""

""""

""""

""""

""""

""""

""""

""""

""""

""""

""""

""""

""""

""""

""""

""""

""""

""""

""""

""""

""""

""""

""""

""""

""""

""""

""""

""""

""""

""""

""""

""""

""""

""""

""""

""""

""""

""""

""""

""""

""""

""""

""""

""""

""""

""""

""""

""""

""""

""""

""""

""""

""""

""""

""""

""""

""""

""""

""""

"""""
